<?xml version="1.0" encoding="UTF-8"?>
<beans xmlns="http://www.springframework.org/schema/beans"
	xmlns:xsi="http://www.w3.org/2001/XMLSchema-instance"
	xmlns:p="http://www.springframework.org/schema/p"
	xmlns:aop="http://www.springframework.org/schema/aop"
	xmlns:mvc="http://www.springframework.org/schema/mvc"
	xmlns:context="http://www.springframework.org/schema/context"
	xsi:schemaLocation="http://www.springframework.org/schema/beans 
    http://www.springframework.org/schema/beans/spring-beans.xsd
    http://www.springframework.org/schema/aop
    http://www.springframework.org/schema/aop/spring-aop.xsd
    http://www.springframework.org/schema/mvc
    http://www.springframework.org/schema/mvc/spring-mvc.xsd
    http://www.springframework.org/schema/context
    http://www.springframework.org/schema/context/spring-context.xsd">
	<!-- 어노테이션 사용하기 -->
	<mvc:annotation-driven />
	<bean class="org.springframework.web.servlet.mvc.support.ControllerClassNameHandlerMapping" />
	<context:component-scan base-package="poly.controller" use-default-filters="false">
		<context:include-filter type="annotation" expression="org.springframework.stereotype.Controller"/>
	</context:component-scan>

	<context:component-scan base-package="poly.service" />
	<context:component-scan base-package="poly.persistance.mapper" />
 	
	<!-- ViewResolver : 뷰 선택자 -->
	<bean id="viewResolver" class="org.springframework.web.servlet.view.InternalResourceViewResolver">
		<property name="order" value="1"/>
		<property name="viewClass">
			<value>org.springframework.web.servlet.view.JstlView</value>
		</property>
		
		<!-- 스프링에서 JSP 결과값을 전달할 때 기본이 되는 루트 위치 -->
		<property name="prefix">
			<value>/WEB-INF/view/</value>
		</property>
		
		<property name="suffix">
			<value>.jsp</value>
		</property>
		
		<property name="contentType">
			<value>text/html; charset=UTF-8</value>
		</property>
	</bean>
		
	<!-- 파일업로드 기능 -->		
	<bean id="multipartResolver" class="org.springframework.web.multipart.commons.CommonsMultipartResolver" 
		p:maxUploadSize="104857600" p:maxInMemorySize="104857600" />

</beans>