<?xml version="1.0" encoding="UTF-8"?>
<!DOCTYPE mapper PUBLIC "-//mybatis.org//DTD Mapper 3.0//EN" "http://mybatis.org/dtd/mybatis-3-mapper.dtd">
<mapper namespace="poly.persistance.mapper.NlpMapper">

    <!-- 단어 정보 가져오기 -->
    <select id="getWord" parameterType="NlpDTO" resultType="NlpDTO">
        SELECT
        WORD, WORD_ROOT, POLARITY
        FROM NLP_DICTIONARY
        WHERE 1=1

        <if test='word.equals("ㄱ")'>
            <![CDATA[
			AND WORD >= '가' AND WORD < '까'
			]]>
        </if>

        <if test='word.equals("ㄲ")'>
            <![CDATA[
			AND WORD >= '까' AND WORD <'나'
			]]>
        </if>

        <if test='word.equals("ㄴ")'>
            <![CDATA[
			AND WORD >= '나' AND WORD <'다'
			]]>
        </if>

        <if test='word.equals("ㄷ")'>
            <![CDATA[
			AND WORD >= '다' AND WORD <'따'
			]]>
        </if>

        <if test='word.equals("ㄸ")'>
            <![CDATA[
			AND WORD >= '따' AND WORD <'라'
			]]>
        </if>

        <if test='word.equals("ㄹ")'>
            <![CDATA[
			AND WORD >= '라' AND WORD <'마'
			]]>
        </if>

        <if test='word.equals("ㅁ")'>
            <![CDATA[
			AND WORD >= '마' AND WORD <'바'
			]]>
        </if>

        <if test='word.equals("ㅂ")'>
            <![CDATA[
			AND WORD >= '바' AND WORD <'빠'
			]]>
        </if>

        <if test='word.equals("ㅃ")'>
            <![CDATA[
			AND WORD >= '빠' AND WORD <'사'
			]]>
        </if>

        <if test='word.equals("ㅅ")'>
            <![CDATA[
			AND WORD >= '사' AND WORD <'싸'
			]]>
        </if>

        <if test='word.equals("ㅆ")'>
            <![CDATA[
			AND WORD >= '싸' AND WORD <'아'
			]]>
        </if>

        <if test='word.equals("ㅇ")'>
            <![CDATA[
			AND WORD >= '아' AND WORD <'자'
			]]>
        </if>

        <if test='word.equals("ㅈ")'>
            <![CDATA[
			AND WORD >= '자' AND WORD <'짜'
			]]>
        </if>

        <if test='word.equals("ㅉ")'>
            <![CDATA[
			AND WORD >= '짜' AND WORD <'차'
			]]>
        </if>

        <if test='word.equals("ㅊ")'>
            <![CDATA[
			AND WORD >= '차' AND WORD <'카'
			]]>
        </if>

        <if test='word.equals("ㅋ")'>
            <![CDATA[
			AND WORD >= '카' AND WORD <'타'
			]]>
        </if>

        <if test='word.equals("ㅌ")'>
            <![CDATA[
			AND WORD >= '타' AND WORD <'파'
			]]>
        </if>

        <if test='word.equals("ㅍ")'>
            <![CDATA[
			AND WORD >= '파' AND WORD <'하'
			]]>
        </if>

        <if test='word.equals("ㅎ")'>
            <![CDATA[
			AND WORD >= '하'
			]]>
        </if>
    </select>

    <select id="getBoardContent" parameterType="String" resultType="String">
        SELECT REVIEW_CONTENT
        FROM TOILET_REVIEW
        WHERE REVIEW_NO = #{seq}
    </select>
</mapper>