<?xml version="1.0" encoding="UTF-8"?>
<!DOCTYPE mapper PUBLIC "-//mybatis.org//DTD Mapper 3.0//EN" "http://mybatis.org/dtd/mybatis-3-mapper.dtd">
<mapper namespace="poly.persistance.mapper.UserMapper">
	<insert id="userRegProc" parameterType="UserDTO">
		INSERT
		INTO
		USER_INFO
		(
			USER_NO,
			USER_ID,
			USER_EMAIL,
			USER_PASSWORD,
			REGID,
			REGDATE,
			UPDID,
			UPDDATE
		)
		VALUES
		(
			(SELECT NVL(MAX(USER_INFO.USER_NO),0)+1 FROM USER_INFO),
			#{userId},
			#{userEmail},
			#{userPassword},
			#{userId},
			SYSDATE,
			#{userId},
			SYSDATE
		)
	</insert>
	
	<select id="userLogin" parameterType="UserDTO" resultType="UserDTO">
		SELECT
			USER_ID AS USERID,
			USER_PASSWORD AS USERPASSWORD,
			USER_GROUP AS USERGROUP,
			USER_EMAIL AS USEREMAIL
		FROM
			USER_INFO
		WHERE
			USER_ID = #{userId}
		AND
			USER_PASSWORD = #{userPassword}
	</select>

	<select id="idcheck" parameterType="String" resultType="Integer">
      SELECT COUNT(*)
      FROM USER_INFO
      WHERE
          USER_ID = #{userId}
	</select>

	<select id="emcheck" parameterType="String" resultType="Integer">
      SELECT COUNT(*)
      FROM USER_INFO
      WHERE
          USER_EMAIL = #{userEmail}
	</select>

	<delete id="checkPw" parameterType="UserDTO">
		DELETE
		FROM USER_INFO
		WHERE
			USER_ID = #{userId}
		AND
			USER_PASSWORD = #{userPassword}
	</delete>

	<update id="updatePw" parameterType="UserDTO">
		UPDATE USER_INFO
		SET USER_PASSWORD = #{updatePassword}
		WHERE USER_ID = #{userId}
		AND USER_PASSWORD = #{userPassword}
	</update>

	<update id="updateEmail" parameterType="UserDTO">
		UPDATE USER_INFO
		SET USER_EMAIL = #{userEmail}
		WHERE USER_ID = #{userId}
	</update>

	<select id="getUserId" parameterType="String" resultType="String">
		SELECT
			USER_ID
		FROM
			USER_INFO
		WHERE
			USER_EMAIL = #{userEmail}
	</select>

	<update id="resetPassword" parameterType="UserDTO">
		UPDATE USER_INFO
		SET USER_PASSWORD = #{userPassword}
		WHERE USER_ID = #{userId}
	</update>

</mapper>